epoch,avg_score,avg_loss,stage
0,23.1,0.0,1
10,340.4,0.0,1
20,340.3,0.0,1
30,340.6,"tensor(5.5334, device='cuda:0', grad_fn=<DivBackward0>)",1
40,340.6,"tensor(26.7459, device='cuda:0', grad_fn=<DivBackward0>)",1
50,340.5,"tensor(41.0669, device='cuda:0', grad_fn=<DivBackward0>)",1
60,340.6,"tensor(54.6273, device='cuda:0', grad_fn=<DivBackward0>)",1
70,340.4,"tensor(57.8109, device='cuda:0', grad_fn=<DivBackward0>)",1
80,340.6,"tensor(63.2741, device='cuda:0', grad_fn=<DivBackward0>)",1
90,340.7,"tensor(70.7711, device='cuda:0', grad_fn=<DivBackward0>)",1
100,341.1,"tensor(72.4979, device='cuda:0', grad_fn=<DivBackward0>)",1
110,342.2,"tensor(66.4524, device='cuda:0', grad_fn=<DivBackward0>)",1
120,316.7,"tensor(217.3747, device='cuda:0', grad_fn=<DivBackward0>)",1
130,320.4,"tensor(117.3333, device='cuda:0', grad_fn=<DivBackward0>)",1
140,338.1,"tensor(247.3734, device='cuda:0', grad_fn=<DivBackward0>)",1
150,743.6,"tensor(122.3445, device='cuda:0', grad_fn=<DivBackward0>)",1
160,557.1,"tensor(52.0754, device='cuda:0', grad_fn=<DivBackward0>)",1
170,439.3,"tensor(273.0188, device='cuda:0', grad_fn=<DivBackward0>)",1
180,363.0,"tensor(33.5927, device='cuda:0', grad_fn=<DivBackward0>)",1
190,341.8,"tensor(356.6940, device='cuda:0', grad_fn=<DivBackward0>)",1
200,549.5,"tensor(326.0380, device='cuda:0', grad_fn=<DivBackward0>)",1
210,524.2,"tensor(230.5884, device='cuda:0', grad_fn=<DivBackward0>)",1
220,1007.1,"tensor(524.7534, device='cuda:0', grad_fn=<DivBackward0>)",1
230,985.7,"tensor(340.8537, device='cuda:0', grad_fn=<DivBackward0>)",1
240,976.3,"tensor(534.6002, device='cuda:0', grad_fn=<DivBackward0>)",1
250,1037.0,"tensor(158.6024, device='cuda:0', grad_fn=<DivBackward0>)",1
260,923.4,"tensor(560.1851, device='cuda:0', grad_fn=<DivBackward0>)",1
270,904.0,"tensor(331.0612, device='cuda:0', grad_fn=<DivBackward0>)",1
280,943.3,"tensor(182.0588, device='cuda:0', grad_fn=<DivBackward0>)",1
290,1063.7,"tensor(182.2807, device='cuda:0', grad_fn=<DivBackward0>)",1
300,915.0,"tensor(149.9910, device='cuda:0', grad_fn=<DivBackward0>)",1
310,1051.4,"tensor(274.4375, device='cuda:0', grad_fn=<DivBackward0>)",1
320,1176.9,"tensor(194.5573, device='cuda:0', grad_fn=<DivBackward0>)",1
330,1128.4,"tensor(239.8255, device='cuda:0', grad_fn=<DivBackward0>)",1
340,1201.9,"tensor(217.1893, device='cuda:0', grad_fn=<DivBackward0>)",1
350,1108.8,"tensor(200.2469, device='cuda:0', grad_fn=<DivBackward0>)",1
360,686.7,"tensor(6479.0757, device='cuda:0', grad_fn=<DivBackward0>)",1
370,165.9,"tensor(26749.3125, device='cuda:0', grad_fn=<DivBackward0>)",1
380,138.3,"tensor(86754.0703, device='cuda:0', grad_fn=<DivBackward0>)",1
390,361.4,"tensor(96536.2109, device='cuda:0', grad_fn=<DivBackward0>)",1
400,338.9,"tensor(3681.3352, device='cuda:0', grad_fn=<DivBackward0>)",1
410,321.8,"tensor(3528.7266, device='cuda:0', grad_fn=<DivBackward0>)",1
420,422.3,"tensor(31857.6855, device='cuda:0', grad_fn=<DivBackward0>)",1
430,382.0,"tensor(25285.7500, device='cuda:0', grad_fn=<DivBackward0>)",1
440,327.1,"tensor(10787.5107, device='cuda:0', grad_fn=<DivBackward0>)",1
450,456.9,"tensor(4851.4067, device='cuda:0', grad_fn=<DivBackward0>)",1
460,558.6,"tensor(3923.4399, device='cuda:0', grad_fn=<DivBackward0>)",1
470,757.7,"tensor(2273.7839, device='cuda:0', grad_fn=<DivBackward0>)",1
480,835.9,"tensor(1575.8726, device='cuda:0', grad_fn=<DivBackward0>)",1
490,1050.7,"tensor(421.1397, device='cuda:0', grad_fn=<DivBackward0>)",1
500,796.9,"tensor(582.2553, device='cuda:0', grad_fn=<DivBackward0>)",1
510,1054.0,"tensor(572.1845, device='cuda:0', grad_fn=<DivBackward0>)",1
520,1029.1,"tensor(442.8125, device='cuda:0', grad_fn=<DivBackward0>)",1
530,971.5,"tensor(450.3473, device='cuda:0', grad_fn=<DivBackward0>)",1
540,1219.4,"tensor(337.6447, device='cuda:0', grad_fn=<DivBackward0>)",1
550,1148.5,"tensor(392.9704, device='cuda:0', grad_fn=<DivBackward0>)",1
560,963.0,"tensor(265.5642, device='cuda:0', grad_fn=<DivBackward0>)",1
570,883.6,"tensor(364.9149, device='cuda:0', grad_fn=<DivBackward0>)",1
580,723.1,"tensor(231.2402, device='cuda:0', grad_fn=<DivBackward0>)",1
590,990.2,"tensor(289.3568, device='cuda:0', grad_fn=<DivBackward0>)",1
600,1209.3,"tensor(362.5031, device='cuda:0', grad_fn=<DivBackward0>)",1
610,1174.5,"tensor(386.0539, device='cuda:0', grad_fn=<DivBackward0>)",1
620,1016.4,"tensor(381.6497, device='cuda:0', grad_fn=<DivBackward0>)",1
630,1209.6,"tensor(458.2507, device='cuda:0', grad_fn=<DivBackward0>)",1
640,833.4,"tensor(331.7232, device='cuda:0', grad_fn=<DivBackward0>)",1
650,914.1,"tensor(357.0844, device='cuda:0', grad_fn=<DivBackward0>)",1
660,1009.9,"tensor(392.1210, device='cuda:0', grad_fn=<DivBackward0>)",1
670,1271.4,"tensor(431.3309, device='cuda:0', grad_fn=<DivBackward0>)",1
680,1266.4,"tensor(467.9071, device='cuda:0', grad_fn=<DivBackward0>)",1
690,1101.9,"tensor(545.0309, device='cuda:0', grad_fn=<DivBackward0>)",1
700,1098.8,"tensor(876.6614, device='cuda:0', grad_fn=<DivBackward0>)",1
710,1057.9,"tensor(412.9344, device='cuda:0', grad_fn=<DivBackward0>)",1
720,1065.9,"tensor(325.6906, device='cuda:0', grad_fn=<DivBackward0>)",1
730,1034.2,"tensor(331.8599, device='cuda:0', grad_fn=<DivBackward0>)",1
740,888.5,"tensor(306.2999, device='cuda:0', grad_fn=<DivBackward0>)",1
750,1037.9,"tensor(316.9893, device='cuda:0', grad_fn=<DivBackward0>)",1
760,1323.9,"tensor(454.5686, device='cuda:0', grad_fn=<DivBackward0>)",1
770,1302.8,"tensor(383.7645, device='cuda:0', grad_fn=<DivBackward0>)",1
780,1015.0,"tensor(326.4934, device='cuda:0', grad_fn=<DivBackward0>)",1
790,1232.8,"tensor(415.2594, device='cuda:0', grad_fn=<DivBackward0>)",1
800,1102.8,"tensor(416.7222, device='cuda:0', grad_fn=<DivBackward0>)",1
810,1126.4,"tensor(704.5497, device='cuda:0', grad_fn=<DivBackward0>)",1
820,1318.5,"tensor(432.0835, device='cuda:0', grad_fn=<DivBackward0>)",1
830,1134.2,"tensor(326.3741, device='cuda:0', grad_fn=<DivBackward0>)",1
840,1138.2,"tensor(308.7500, device='cuda:0', grad_fn=<DivBackward0>)",1
850,882.5,"tensor(236.9531, device='cuda:0', grad_fn=<DivBackward0>)",1
860,1281.1,"tensor(406.4351, device='cuda:0', grad_fn=<DivBackward0>)",1
870,1459.9,"tensor(402.9431, device='cuda:0', grad_fn=<DivBackward0>)",1
880,1183.8,"tensor(707.8378, device='cuda:0', grad_fn=<DivBackward0>)",1
890,936.6,"tensor(276.1224, device='cuda:0', grad_fn=<DivBackward0>)",1
900,1528.3,"tensor(428.8397, device='cuda:0', grad_fn=<DivBackward0>)",1
910,1153.7,"tensor(673.6390, device='cuda:0', grad_fn=<DivBackward0>)",1
920,993.2,"tensor(622.9594, device='cuda:0', grad_fn=<DivBackward0>)",1
930,877.4,"tensor(878.2476, device='cuda:0', grad_fn=<DivBackward0>)",1
940,1164.7,"tensor(276.8305, device='cuda:0', grad_fn=<DivBackward0>)",1
950,1034.8,"tensor(219.2302, device='cuda:0', grad_fn=<DivBackward0>)",1
960,1038.9,"tensor(521.4355, device='cuda:0', grad_fn=<DivBackward0>)",1
970,1016.1,"tensor(211.3041, device='cuda:0', grad_fn=<DivBackward0>)",1
980,926.5,"tensor(543.8517, device='cuda:0', grad_fn=<DivBackward0>)",1
990,865.7,"tensor(619.0494, device='cuda:0', grad_fn=<DivBackward0>)",1
1000,1095.4,"tensor(606.1381, device='cuda:0', grad_fn=<DivBackward0>)",1
1010,1088.6,"tensor(222.1028, device='cuda:0', grad_fn=<DivBackward0>)",1
1020,1159.9,"tensor(612.1335, device='cuda:0', grad_fn=<DivBackward0>)",1
1030,1137.3,"tensor(304.5832, device='cuda:0', grad_fn=<DivBackward0>)",1
1040,1073.7,"tensor(222.4541, device='cuda:0', grad_fn=<DivBackward0>)",1
1050,1093.9,"tensor(268.6665, device='cuda:0', grad_fn=<DivBackward0>)",1
1060,1112.6,"tensor(235.2323, device='cuda:0', grad_fn=<DivBackward0>)",1
1070,1211.2,"tensor(245.8882, device='cuda:0', grad_fn=<DivBackward0>)",1
1080,1178.5,"tensor(250.0392, device='cuda:0', grad_fn=<DivBackward0>)",1
1090,1338.4,"tensor(599.8064, device='cuda:0', grad_fn=<DivBackward0>)",1
1100,1427.9,"tensor(607.0187, device='cuda:0', grad_fn=<DivBackward0>)",1
1110,947.1,"tensor(587.2336, device='cuda:0', grad_fn=<DivBackward0>)",1
1120,1063.8,"tensor(882.2531, device='cuda:0', grad_fn=<DivBackward0>)",1
1130,1450.0,"tensor(427.1572, device='cuda:0', grad_fn=<DivBackward0>)",1
1140,1060.6,"tensor(254.8209, device='cuda:0', grad_fn=<DivBackward0>)",1
1150,852.2,"tensor(201.9146, device='cuda:0', grad_fn=<DivBackward0>)",1
1160,1134.2,"tensor(837.3844, device='cuda:0', grad_fn=<DivBackward0>)",1
1170,541.7,"tensor(1583.6626, device='cuda:0', grad_fn=<DivBackward0>)",1
1180,1042.5,"tensor(341.7939, device='cuda:0', grad_fn=<DivBackward0>)",1
1190,1203.7,"tensor(1257.8729, device='cuda:0', grad_fn=<DivBackward0>)",1
1200,937.3,"tensor(327.4767, device='cuda:0', grad_fn=<DivBackward0>)",1
1210,1021.3,"tensor(696.2705, device='cuda:0', grad_fn=<DivBackward0>)",1
1220,980.4,"tensor(581.3420, device='cuda:0', grad_fn=<DivBackward0>)",1
1230,1278.9,"tensor(1733.2913, device='cuda:0', grad_fn=<DivBackward0>)",1
1240,1107.1,"tensor(879.8018, device='cuda:0', grad_fn=<DivBackward0>)",1
1250,1189.3,"tensor(487.7139, device='cuda:0', grad_fn=<DivBackward0>)",1
1260,1382.3,"tensor(1104.6141, device='cuda:0', grad_fn=<DivBackward0>)",1
1270,1209.0,"tensor(1611.5709, device='cuda:0', grad_fn=<DivBackward0>)",1
1280,1212.7,"tensor(1091.0878, device='cuda:0', grad_fn=<DivBackward0>)",1
1290,1072.9,"tensor(1019.0742, device='cuda:0', grad_fn=<DivBackward0>)",1
1300,1206.5,"tensor(1826.4944, device='cuda:0', grad_fn=<DivBackward0>)",1
1310,1181.1,"tensor(753.1084, device='cuda:0', grad_fn=<DivBackward0>)",1
1320,1049.4,"tensor(1151.8129, device='cuda:0', grad_fn=<DivBackward0>)",1
1330,1428.5,"tensor(1594.0059, device='cuda:0', grad_fn=<DivBackward0>)",1
1340,1415.1,"tensor(1907.8483, device='cuda:0', grad_fn=<DivBackward0>)",1
1350,1172.6,"tensor(1071.4120, device='cuda:0', grad_fn=<DivBackward0>)",1
1360,1154.0,"tensor(850.6702, device='cuda:0', grad_fn=<DivBackward0>)",1
1370,1257.8,"tensor(1375.7471, device='cuda:0', grad_fn=<DivBackward0>)",1
1380,1422.7,"tensor(1461.7633, device='cuda:0', grad_fn=<DivBackward0>)",1
1390,1208.0,"tensor(763.4626, device='cuda:0', grad_fn=<DivBackward0>)",1
1400,1102.4,"tensor(395.8099, device='cuda:0', grad_fn=<DivBackward0>)",1
1410,844.6,"tensor(215.1537, device='cuda:0', grad_fn=<DivBackward0>)",1
1420,927.6,"tensor(1082.0975, device='cuda:0', grad_fn=<DivBackward0>)",1
1430,1360.0,"tensor(1381.2332, device='cuda:0', grad_fn=<DivBackward0>)",1
1440,1103.8,"tensor(1531.0314, device='cuda:0', grad_fn=<DivBackward0>)",1
1450,1402.2,"tensor(458.9992, device='cuda:0', grad_fn=<DivBackward0>)",1
1460,1684.3,"tensor(1463.4521, device='cuda:0', grad_fn=<DivBackward0>)",2
1470,1001.1,"tensor(1578.4801, device='cuda:0', grad_fn=<DivBackward0>)",1
1480,141.0,0.0,1
1490,1050.0,"tensor(846.4329, device='cuda:0', grad_fn=<DivBackward0>)",1
1500,1191.5,"tensor(1114.1460, device='cuda:0', grad_fn=<DivBackward0>)",1
1510,919.2,"tensor(1222.1381, device='cuda:0', grad_fn=<DivBackward0>)",1
1520,1146.2,"tensor(1980.4384, device='cuda:0', grad_fn=<DivBackward0>)",1
1530,1166.6,"tensor(911.4691, device='cuda:0', grad_fn=<DivBackward0>)",1
1540,1159.5,"tensor(624.5085, device='cuda:0', grad_fn=<DivBackward0>)",1
1550,1695.6,"tensor(1209.9547, device='cuda:0', grad_fn=<DivBackward0>)",1
1560,1126.7,"tensor(804.8581, device='cuda:0', grad_fn=<DivBackward0>)",1
1570,1326.3,"tensor(787.9634, device='cuda:0', grad_fn=<DivBackward0>)",1
1580,933.2,"tensor(699.1194, device='cuda:0', grad_fn=<DivBackward0>)",1
1590,1706.6,"tensor(1520.0846, device='cuda:0', grad_fn=<DivBackward0>)",1
1600,1366.9,"tensor(865.4564, device='cuda:0', grad_fn=<DivBackward0>)",1
1610,1237.6,"tensor(412.7486, device='cuda:0', grad_fn=<DivBackward0>)",1
1620,1121.6,"tensor(2919.6455, device='cuda:0', grad_fn=<DivBackward0>)",1
1630,1413.4,"tensor(1343.4441, device='cuda:0', grad_fn=<DivBackward0>)",1
1640,1329.1,"tensor(1402.3885, device='cuda:0', grad_fn=<DivBackward0>)",1
1650,1650.4,"tensor(1173.0210, device='cuda:0', grad_fn=<DivBackward0>)",1
1660,1636.7,"tensor(1323.0638, device='cuda:0', grad_fn=<DivBackward0>)",1
1670,1515.2,"tensor(1138.8940, device='cuda:0', grad_fn=<DivBackward0>)",1
1680,1394.9,"tensor(1084.9857, device='cuda:0', grad_fn=<DivBackward0>)",1
1690,1790.7,"tensor(869.5737, device='cuda:0', grad_fn=<DivBackward0>)",1
1700,1513.8,"tensor(328.8246, device='cuda:0', grad_fn=<DivBackward0>)",1
1710,1629.8,"tensor(1043.1169, device='cuda:0', grad_fn=<DivBackward0>)",1
1720,1070.9,"tensor(226.1844, device='cuda:0', grad_fn=<DivBackward0>)",1
1730,1145.3,"tensor(1369.8612, device='cuda:0', grad_fn=<DivBackward0>)",1
1740,1571.8,"tensor(993.0449, device='cuda:0', grad_fn=<DivBackward0>)",1
1750,1322.6,"tensor(1416.5580, device='cuda:0', grad_fn=<DivBackward0>)",1
1760,1582.4,"tensor(1274.7853, device='cuda:0', grad_fn=<DivBackward0>)",1
1770,1591.7,"tensor(1121.4768, device='cuda:0', grad_fn=<DivBackward0>)",1
1780,1240.4,"tensor(1404.9614, device='cuda:0', grad_fn=<DivBackward0>)",1
1790,1033.2,"tensor(2143.3816, device='cuda:0', grad_fn=<DivBackward0>)",1
1800,1112.8,"tensor(339.5842, device='cuda:0', grad_fn=<DivBackward0>)",1
1810,988.5,"tensor(647.6293, device='cuda:0', grad_fn=<DivBackward0>)",1
1820,1040.1,"tensor(642.4943, device='cuda:0', grad_fn=<DivBackward0>)",1
1830,875.8,"tensor(1486.5597, device='cuda:0', grad_fn=<DivBackward0>)",1
1840,1323.2,"tensor(355.7809, device='cuda:0', grad_fn=<DivBackward0>)",1
1850,1657.4,"tensor(2092.5295, device='cuda:0', grad_fn=<DivBackward0>)",1
1860,1278.2,"tensor(978.3340, device='cuda:0', grad_fn=<DivBackward0>)",1
1870,1737.2,"tensor(1293.4247, device='cuda:0', grad_fn=<DivBackward0>)",1
1880,1243.6,"tensor(990.4487, device='cuda:0', grad_fn=<DivBackward0>)",1
1890,981.1,"tensor(1659.8948, device='cuda:0', grad_fn=<DivBackward0>)",1
1900,1245.7,"tensor(545.8273, device='cuda:0', grad_fn=<DivBackward0>)",1
1910,1228.9,"tensor(1204.6454, device='cuda:0', grad_fn=<DivBackward0>)",1
1920,1298.4,"tensor(1429.8168, device='cuda:0', grad_fn=<DivBackward0>)",1
1930,1304.1,"tensor(2343.7405, device='cuda:0', grad_fn=<DivBackward0>)",1
1940,1232.9,"tensor(1883.8293, device='cuda:0', grad_fn=<DivBackward0>)",1
1950,996.5,"tensor(984.3845, device='cuda:0', grad_fn=<DivBackward0>)",1
1960,1172.5,"tensor(2865.4519, device='cuda:0', grad_fn=<DivBackward0>)",1
1970,1319.6,"tensor(2271.1252, device='cuda:0', grad_fn=<DivBackward0>)",1
1980,1003.4,"tensor(1005.2098, device='cuda:0', grad_fn=<DivBackward0>)",1
1990,1357.9,"tensor(1686.0680, device='cuda:0', grad_fn=<DivBackward0>)",1
2000,1362.1,"tensor(2007.7174, device='cuda:0', grad_fn=<DivBackward0>)",1
2010,1436.3,"tensor(1229.2341, device='cuda:0', grad_fn=<DivBackward0>)",1
2020,1173.9,"tensor(1146.3241, device='cuda:0', grad_fn=<DivBackward0>)",1
2030,1080.4,"tensor(1850.5664, device='cuda:0', grad_fn=<DivBackward0>)",1
2040,1357.4,"tensor(1275.2462, device='cuda:0', grad_fn=<DivBackward0>)",1
2050,1318.7,"tensor(371.1400, device='cuda:0', grad_fn=<DivBackward0>)",1
2060,1171.0,"tensor(714.8620, device='cuda:0', grad_fn=<DivBackward0>)",1
2070,1123.5,"tensor(1351.9208, device='cuda:0', grad_fn=<DivBackward0>)",1
2080,1107.9,"tensor(1017.3589, device='cuda:0', grad_fn=<DivBackward0>)",1
2090,1343.3,"tensor(1312.6959, device='cuda:0', grad_fn=<DivBackward0>)",1
2100,1450.1,"tensor(956.5755, device='cuda:0', grad_fn=<DivBackward0>)",1
2110,1545.5,"tensor(687.8749, device='cuda:0', grad_fn=<DivBackward0>)",1
2120,1533.8,"tensor(1860.1053, device='cuda:0', grad_fn=<DivBackward0>)",1
2130,1436.2,"tensor(1204.7631, device='cuda:0', grad_fn=<DivBackward0>)",1
2140,1280.0,"tensor(1496.5878, device='cuda:0', grad_fn=<DivBackward0>)",1
2150,1445.7,"tensor(1028.4805, device='cuda:0', grad_fn=<DivBackward0>)",1
2160,1838.4,"tensor(2624.4844, device='cuda:0', grad_fn=<DivBackward0>)",1
2170,1523.4,"tensor(446.9778, device='cuda:0', grad_fn=<DivBackward0>)",1
2180,1431.1,"tensor(464.3466, device='cuda:0', grad_fn=<DivBackward0>)",1
2190,1018.9,"tensor(4057.6453, device='cuda:0', grad_fn=<DivBackward0>)",1
2200,1387.0,"tensor(4193.1299, device='cuda:0', grad_fn=<DivBackward0>)",1
2210,1401.4,"tensor(1906.0645, device='cuda:0', grad_fn=<DivBackward0>)",1
2220,1150.5,"tensor(1560.5980, device='cuda:0', grad_fn=<DivBackward0>)",1
2230,1281.9,"tensor(1531.4443, device='cuda:0', grad_fn=<DivBackward0>)",1
2240,1481.3,"tensor(2513.5212, device='cuda:0', grad_fn=<DivBackward0>)",1
2250,1019.6,"tensor(950.8870, device='cuda:0', grad_fn=<DivBackward0>)",1
2260,1323.3,"tensor(1100.9501, device='cuda:0', grad_fn=<DivBackward0>)",1
2270,1172.9,"tensor(2216.1135, device='cuda:0', grad_fn=<DivBackward0>)",1
2280,1426.8,"tensor(1745.2889, device='cuda:0', grad_fn=<DivBackward0>)",1
2290,926.4,"tensor(533.0260, device='cuda:0', grad_fn=<DivBackward0>)",1
2300,1121.6,"tensor(1272.1224, device='cuda:0', grad_fn=<DivBackward0>)",1
2310,1025.7,"tensor(2172.5845, device='cuda:0', grad_fn=<DivBackward0>)",1
2320,1071.8,"tensor(1984.2572, device='cuda:0', grad_fn=<DivBackward0>)",1
2330,1451.8,"tensor(3199.5017, device='cuda:0', grad_fn=<DivBackward0>)",1
2340,1454.0,"tensor(2771.1199, device='cuda:0', grad_fn=<DivBackward0>)",1
2350,1100.8,"tensor(6602.9937, device='cuda:0', grad_fn=<DivBackward0>)",1
2360,1161.3,"tensor(2466.7361, device='cuda:0', grad_fn=<DivBackward0>)",1
2370,1169.6,"tensor(6189.1533, device='cuda:0', grad_fn=<DivBackward0>)",1
2380,1064.7,"tensor(7955.0874, device='cuda:0', grad_fn=<DivBackward0>)",1
2390,1030.7,"tensor(3732.0820, device='cuda:0', grad_fn=<DivBackward0>)",1
2400,1172.2,"tensor(3933.5142, device='cuda:0', grad_fn=<DivBackward0>)",1
2410,1358.4,"tensor(2707.4746, device='cuda:0', grad_fn=<DivBackward0>)",1
2420,1402.6,"tensor(3845.4614, device='cuda:0', grad_fn=<DivBackward0>)",1
2430,1447.3,"tensor(1784.1393, device='cuda:0', grad_fn=<DivBackward0>)",1
2440,1262.4,"tensor(1421.1008, device='cuda:0', grad_fn=<DivBackward0>)",1
2450,1221.6,"tensor(1923.9442, device='cuda:0', grad_fn=<DivBackward0>)",1
2460,1318.3,"tensor(844.7242, device='cuda:0', grad_fn=<DivBackward0>)",1
2470,849.8,"tensor(904.4442, device='cuda:0', grad_fn=<DivBackward0>)",1
2480,1255.8,"tensor(1232.8676, device='cuda:0', grad_fn=<DivBackward0>)",1
2490,1150.9,"tensor(824.6901, device='cuda:0', grad_fn=<DivBackward0>)",1
2500,1050.6,"tensor(766.3135, device='cuda:0', grad_fn=<DivBackward0>)",1
2510,1419.3,"tensor(1658.6337, device='cuda:0', grad_fn=<DivBackward0>)",1
2520,1121.1,"tensor(1622.1705, device='cuda:0', grad_fn=<DivBackward0>)",1
2530,1293.9,"tensor(623.3750, device='cuda:0', grad_fn=<DivBackward0>)",1
2540,1395.3,"tensor(1388.2528, device='cuda:0', grad_fn=<DivBackward0>)",1
2550,1083.6,"tensor(1173.1729, device='cuda:0', grad_fn=<DivBackward0>)",1
2560,1271.2,"tensor(605.1594, device='cuda:0', grad_fn=<DivBackward0>)",1
2570,1324.2,"tensor(1163.4814, device='cuda:0', grad_fn=<DivBackward0>)",1
2580,1183.9,"tensor(1024.4637, device='cuda:0', grad_fn=<DivBackward0>)",1
2590,1234.3,"tensor(1282.0540, device='cuda:0', grad_fn=<DivBackward0>)",1
2600,1535.4,"tensor(1014.6868, device='cuda:0', grad_fn=<DivBackward0>)",1
2610,1159.5,"tensor(936.3192, device='cuda:0', grad_fn=<DivBackward0>)",1
2620,1535.6,"tensor(1816.6195, device='cuda:0', grad_fn=<DivBackward0>)",1
2630,1194.1,"tensor(754.6854, device='cuda:0', grad_fn=<DivBackward0>)",1
2640,1430.3,"tensor(715.0043, device='cuda:0', grad_fn=<DivBackward0>)",1
2650,1292.0,"tensor(2050.2839, device='cuda:0', grad_fn=<DivBackward0>)",1
2660,1416.8,"tensor(1675.3258, device='cuda:0', grad_fn=<DivBackward0>)",1
2670,1371.1,"tensor(1420.3755, device='cuda:0', grad_fn=<DivBackward0>)",1
2680,1044.7,"tensor(2525.3384, device='cuda:0', grad_fn=<DivBackward0>)",1
2690,1332.0,"tensor(1405.3416, device='cuda:0', grad_fn=<DivBackward0>)",1
2700,1445.7,"tensor(2482.3489, device='cuda:0', grad_fn=<DivBackward0>)",1
2710,1317.0,"tensor(2331.0583, device='cuda:0', grad_fn=<DivBackward0>)",1
2720,1589.3,"tensor(1556.7808, device='cuda:0', grad_fn=<DivBackward0>)",1
2730,1184.4,"tensor(3542.2029, device='cuda:0', grad_fn=<DivBackward0>)",1
2740,1505.9,"tensor(1384.4126, device='cuda:0', grad_fn=<DivBackward0>)",1
2750,1317.3,"tensor(1263.5922, device='cuda:0', grad_fn=<DivBackward0>)",1
2760,1238.1,"tensor(489.9904, device='cuda:0', grad_fn=<DivBackward0>)",1
2770,1408.8,"tensor(1185.3203, device='cuda:0', grad_fn=<DivBackward0>)",1
2780,1266.0,"tensor(612.3000, device='cuda:0', grad_fn=<DivBackward0>)",1
2790,1609.5,"tensor(1179.2157, device='cuda:0', grad_fn=<DivBackward0>)",1
2800,1470.6,"tensor(1305.6473, device='cuda:0', grad_fn=<DivBackward0>)",1
2810,1621.0,"tensor(1048.4979, device='cuda:0', grad_fn=<DivBackward0>)",1
2820,1527.3,"tensor(1570.1523, device='cuda:0', grad_fn=<DivBackward0>)",1
2830,1332.1,"tensor(931.1237, device='cuda:0', grad_fn=<DivBackward0>)",1
2840,1207.4,"tensor(951.2623, device='cuda:0', grad_fn=<DivBackward0>)",1
2850,1503.3,"tensor(651.5668, device='cuda:0', grad_fn=<DivBackward0>)",1
2860,1525.1,"tensor(1242.8964, device='cuda:0', grad_fn=<DivBackward0>)",1
2870,1448.1,"tensor(1334.0271, device='cuda:0', grad_fn=<DivBackward0>)",1
2880,1313.0,"tensor(2196.2634, device='cuda:0', grad_fn=<DivBackward0>)",1
2890,1491.9,"tensor(430.0494, device='cuda:0', grad_fn=<DivBackward0>)",1
2900,1341.0,"tensor(779.5827, device='cuda:0', grad_fn=<DivBackward0>)",1
2910,1431.0,"tensor(2306.6433, device='cuda:0', grad_fn=<DivBackward0>)",1
2920,1410.8,"tensor(1047.4479, device='cuda:0', grad_fn=<DivBackward0>)",1
2930,1286.3,"tensor(2222.5024, device='cuda:0', grad_fn=<DivBackward0>)",1
2940,1505.3,"tensor(1760.6367, device='cuda:0', grad_fn=<DivBackward0>)",1
2950,1485.8,"tensor(1968.3422, device='cuda:0', grad_fn=<DivBackward0>)",1
2960,1374.1,"tensor(895.6631, device='cuda:0', grad_fn=<DivBackward0>)",1
2970,1560.6,"tensor(1495.7540, device='cuda:0', grad_fn=<DivBackward0>)",1
2980,1539.3,"tensor(2390.8440, device='cuda:0', grad_fn=<DivBackward0>)",1
2990,1921.7,"tensor(965.0550, device='cuda:0', grad_fn=<DivBackward0>)",1
3000,1809.0,"tensor(1924.3254, device='cuda:0', grad_fn=<DivBackward0>)",1
3010,1822.8,"tensor(2567.0884, device='cuda:0', grad_fn=<DivBackward0>)",1
3020,1585.1,"tensor(971.1313, device='cuda:0', grad_fn=<DivBackward0>)",1
3030,1326.3,"tensor(442.6307, device='cuda:0', grad_fn=<DivBackward0>)",1
3040,1337.8,"tensor(2222.8425, device='cuda:0', grad_fn=<DivBackward0>)",1
3050,1208.9,"tensor(1541.1754, device='cuda:0', grad_fn=<DivBackward0>)",1
3060,1473.5,"tensor(1601.3920, device='cuda:0', grad_fn=<DivBackward0>)",1
3070,1576.8,"tensor(3538.3130, device='cuda:0', grad_fn=<DivBackward0>)",1
3080,1388.1,"tensor(1079.5404, device='cuda:0', grad_fn=<DivBackward0>)",1
3090,1744.0,"tensor(1237.1449, device='cuda:0', grad_fn=<DivBackward0>)",1
3100,1310.0,"tensor(439.0221, device='cuda:0', grad_fn=<DivBackward0>)",1
3110,2075.0,"tensor(1673.6595, device='cuda:0', grad_fn=<DivBackward0>)",1
3120,1454.8,"tensor(1594.5043, device='cuda:0', grad_fn=<DivBackward0>)",1
3130,1565.9,"tensor(1676.2343, device='cuda:0', grad_fn=<DivBackward0>)",1
3140,1364.0,"tensor(843.6245, device='cuda:0', grad_fn=<DivBackward0>)",1
3150,1703.0,"tensor(1289.5656, device='cuda:0', grad_fn=<DivBackward0>)",1
3160,1457.6,"tensor(2243.0134, device='cuda:0', grad_fn=<DivBackward0>)",1
3170,985.6,"tensor(1051.4884, device='cuda:0', grad_fn=<DivBackward0>)",1
3180,1526.6,"tensor(2499.9060, device='cuda:0', grad_fn=<DivBackward0>)",1
3190,1250.8,"tensor(1398.2180, device='cuda:0', grad_fn=<DivBackward0>)",1
3200,33.3,"tensor(26.0410, device='cuda:0', grad_fn=<DivBackward0>)",1
3210,835.0,"tensor(2233.7407, device='cuda:0', grad_fn=<DivBackward0>)",1
3220,1497.7,"tensor(6813.9058, device='cuda:0', grad_fn=<DivBackward0>)",1
3230,1377.0,"tensor(5117.7939, device='cuda:0', grad_fn=<DivBackward0>)",1
3240,1110.8,"tensor(5819.3413, device='cuda:0', grad_fn=<DivBackward0>)",1
3250,1256.6,"tensor(2595.6130, device='cuda:0', grad_fn=<DivBackward0>)",1
3260,1253.1,"tensor(3616.5684, device='cuda:0', grad_fn=<DivBackward0>)",1
3270,824.9,"tensor(1641.3041, device='cuda:0', grad_fn=<DivBackward0>)",1
3280,1319.7,"tensor(3231.7896, device='cuda:0', grad_fn=<DivBackward0>)",1
3290,1149.2,"tensor(3728.5793, device='cuda:0', grad_fn=<DivBackward0>)",1
3300,1187.8,"tensor(2021.5902, device='cuda:0', grad_fn=<DivBackward0>)",1
3310,1159.0,"tensor(2325.4128, device='cuda:0', grad_fn=<DivBackward0>)",1
3320,1168.3,"tensor(634.6469, device='cuda:0', grad_fn=<DivBackward0>)",1
3330,1450.0,"tensor(1700.6942, device='cuda:0', grad_fn=<DivBackward0>)",1
3340,1407.3,"tensor(1292.5873, device='cuda:0', grad_fn=<DivBackward0>)",1
3350,1211.2,"tensor(2354.5474, device='cuda:0', grad_fn=<DivBackward0>)",1
3360,1443.7,"tensor(746.7660, device='cuda:0', grad_fn=<DivBackward0>)",1
3370,1146.1,"tensor(3536.1462, device='cuda:0', grad_fn=<DivBackward0>)",1
3380,1336.5,"tensor(2007.2924, device='cuda:0', grad_fn=<DivBackward0>)",1
3390,1167.9,"tensor(1241.8423, device='cuda:0', grad_fn=<DivBackward0>)",1
3400,1395.2,"tensor(2746.3083, device='cuda:0', grad_fn=<DivBackward0>)",1
3410,1234.8,"tensor(926.9257, device='cuda:0', grad_fn=<DivBackward0>)",1
3420,1381.4,"tensor(584.5579, device='cuda:0', grad_fn=<DivBackward0>)",1
3430,1458.2,"tensor(2633.3887, device='cuda:0', grad_fn=<DivBackward0>)",1
3440,1326.6,"tensor(1170.5187, device='cuda:0', grad_fn=<DivBackward0>)",1
3450,1234.7,"tensor(1488.4752, device='cuda:0', grad_fn=<DivBackward0>)",1
3460,1392.7,"tensor(1124.4967, device='cuda:0', grad_fn=<DivBackward0>)",1
3470,1191.6,"tensor(840.7416, device='cuda:0', grad_fn=<DivBackward0>)",1
3480,1521.5,"tensor(1393.5649, device='cuda:0', grad_fn=<DivBackward0>)",1
3490,1259.5,"tensor(916.9827, device='cuda:0', grad_fn=<DivBackward0>)",1
3500,1579.9,"tensor(1314.4337, device='cuda:0', grad_fn=<DivBackward0>)",1
3510,1555.6,"tensor(1967.8440, device='cuda:0', grad_fn=<DivBackward0>)",1
3520,1494.6,"tensor(1422.0979, device='cuda:0', grad_fn=<DivBackward0>)",1
3530,1198.4,"tensor(929.5451, device='cuda:0', grad_fn=<DivBackward0>)",1
3540,1623.1,"tensor(923.2194, device='cuda:0', grad_fn=<DivBackward0>)",1
3550,1197.5,"tensor(1085.4115, device='cuda:0', grad_fn=<DivBackward0>)",1
3560,970.6,"tensor(986.7839, device='cuda:0', grad_fn=<DivBackward0>)",1
3570,1630.3,"tensor(767.5888, device='cuda:0', grad_fn=<DivBackward0>)",1
3580,1434.5,"tensor(1693.8574, device='cuda:0', grad_fn=<DivBackward0>)",1
3590,1547.4,"tensor(2056.6289, device='cuda:0', grad_fn=<DivBackward0>)",1
3600,1740.1,"tensor(1593.4100, device='cuda:0', grad_fn=<DivBackward0>)",2
3610,1552.8,"tensor(1077.5912, device='cuda:0', grad_fn=<DivBackward0>)",2
3620,988.6,"tensor(1237.6991, device='cuda:0', grad_fn=<DivBackward0>)",1
3630,1537.5,"tensor(1304.7102, device='cuda:0', grad_fn=<DivBackward0>)",1
3640,1406.9,"tensor(595.5324, device='cuda:0', grad_fn=<DivBackward0>)",1
3650,1284.1,"tensor(1095.6558, device='cuda:0', grad_fn=<DivBackward0>)",1
3660,1587.1,"tensor(1044.0513, device='cuda:0', grad_fn=<DivBackward0>)",1
3670,1049.9,"tensor(1300.0778, device='cuda:0', grad_fn=<DivBackward0>)",1
3680,1425.6,"tensor(914.2078, device='cuda:0', grad_fn=<DivBackward0>)",1
3690,1471.2,"tensor(1461.6519, device='cuda:0', grad_fn=<DivBackward0>)",1
3700,1903.7,"tensor(2116.8433, device='cuda:0', grad_fn=<DivBackward0>)",1
3710,1372.6,"tensor(1227.9135, device='cuda:0', grad_fn=<DivBackward0>)",1
3720,1339.1,"tensor(1295.8412, device='cuda:0', grad_fn=<DivBackward0>)",1
3730,2093.3,"tensor(1660.4159, device='cuda:0', grad_fn=<DivBackward0>)",2
3740,1618.3,"tensor(926.7259, device='cuda:0', grad_fn=<DivBackward0>)",1
3750,1861.9,"tensor(1932.8311, device='cuda:0', grad_fn=<DivBackward0>)",1
3760,1761.8,"tensor(980.9567, device='cuda:0', grad_fn=<DivBackward0>)",1
3770,2021.7,"tensor(801.1605, device='cuda:0', grad_fn=<DivBackward0>)",2
3780,1572.2,"tensor(1099.8860, device='cuda:0', grad_fn=<DivBackward0>)",1
3790,1729.5,"tensor(1351.8795, device='cuda:0', grad_fn=<DivBackward0>)",1
3800,1811.9,"tensor(1603.5266, device='cuda:0', grad_fn=<DivBackward0>)",1
3810,1710.0,"tensor(1116.9872, device='cuda:0', grad_fn=<DivBackward0>)",2
3820,1343.3,"tensor(646.0123, device='cuda:0', grad_fn=<DivBackward0>)",1
3830,1351.6,"tensor(1030.1180, device='cuda:0', grad_fn=<DivBackward0>)",1
3840,2300.0,"tensor(1543.8815, device='cuda:0', grad_fn=<DivBackward0>)",2
3850,1538.9,"tensor(850.6550, device='cuda:0', grad_fn=<DivBackward0>)",1
3860,1980.8,"tensor(977.5928, device='cuda:0', grad_fn=<DivBackward0>)",1
3870,1849.6,"tensor(1160.9642, device='cuda:0', grad_fn=<DivBackward0>)",1
3880,1805.2,"tensor(1044.7338, device='cuda:0', grad_fn=<DivBackward0>)",1
3890,1918.1,"tensor(1051.3334, device='cuda:0', grad_fn=<DivBackward0>)",1
3900,1332.9,"tensor(810.3472, device='cuda:0', grad_fn=<DivBackward0>)",1
3910,1707.2,"tensor(1586.6058, device='cuda:0', grad_fn=<DivBackward0>)",1
3920,1306.6,"tensor(769.6303, device='cuda:0', grad_fn=<DivBackward0>)",1
3930,1476.5,"tensor(2057.3660, device='cuda:0', grad_fn=<DivBackward0>)",1
3940,1673.7,"tensor(1736.9049, device='cuda:0', grad_fn=<DivBackward0>)",2
3950,1366.4,"tensor(760.5794, device='cuda:0', grad_fn=<DivBackward0>)",1
3960,1566.9,"tensor(1548.3251, device='cuda:0', grad_fn=<DivBackward0>)",1
3970,1467.5,"tensor(1846.1711, device='cuda:0', grad_fn=<DivBackward0>)",1
3980,1886.1,"tensor(2406.3259, device='cuda:0', grad_fn=<DivBackward0>)",2
3990,979.8,"tensor(2523.2417, device='cuda:0', grad_fn=<DivBackward0>)",1
4000,1685.5,"tensor(2679.5889, device='cuda:0', grad_fn=<DivBackward0>)",2
4010,1468.4,"tensor(1926.4012, device='cuda:0', grad_fn=<DivBackward0>)",1
4020,1611.5,"tensor(1593.2235, device='cuda:0', grad_fn=<DivBackward0>)",1
4030,1850.6,"tensor(2209.1758, device='cuda:0', grad_fn=<DivBackward0>)",2
4040,1463.5,"tensor(1475.3241, device='cuda:0', grad_fn=<DivBackward0>)",1
4050,1711.7,"tensor(1206.5844, device='cuda:0', grad_fn=<DivBackward0>)",1
4060,1715.1,"tensor(2648.2683, device='cuda:0', grad_fn=<DivBackward0>)",2
4070,1935.7,"tensor(1374.2539, device='cuda:0', grad_fn=<DivBackward0>)",2
4080,2071.8,"tensor(2260.3103, device='cuda:0', grad_fn=<DivBackward0>)",2
4090,1742.2,"tensor(991.5841, device='cuda:0', grad_fn=<DivBackward0>)",1
4100,1708.8,"tensor(1003.7814, device='cuda:0', grad_fn=<DivBackward0>)",1
4110,1730.2,"tensor(1162.5532, device='cuda:0', grad_fn=<DivBackward0>)",2
4120,1653.1,"tensor(1243.9396, device='cuda:0', grad_fn=<DivBackward0>)",1
4130,1792.3,"tensor(1323.8312, device='cuda:0', grad_fn=<DivBackward0>)",2
4140,1876.8,"tensor(1157.2305, device='cuda:0', grad_fn=<DivBackward0>)",1
4150,1705.2,"tensor(1412.6124, device='cuda:0', grad_fn=<DivBackward0>)",1
4160,1565.6,"tensor(1312.4598, device='cuda:0', grad_fn=<DivBackward0>)",1
4170,1432.6,"tensor(678.7912, device='cuda:0', grad_fn=<DivBackward0>)",1
4180,1897.7,"tensor(1185.1969, device='cuda:0', grad_fn=<DivBackward0>)",2
4190,1357.4,"tensor(451.3601, device='cuda:0', grad_fn=<DivBackward0>)",1
4200,65.2,0.0,1
4210,1240.9,"tensor(403.5745, device='cuda:0', grad_fn=<DivBackward0>)",1
4220,1832.7,"tensor(608.2310, device='cuda:0', grad_fn=<DivBackward0>)",1
4230,1422.3,"tensor(1440.5585, device='cuda:0', grad_fn=<DivBackward0>)",1
4240,1491.6,"tensor(1242.0559, device='cuda:0', grad_fn=<DivBackward0>)",1
4250,1233.3,"tensor(1504.8987, device='cuda:0', grad_fn=<DivBackward0>)",1
4260,1564.9,"tensor(1995.3661, device='cuda:0', grad_fn=<DivBackward0>)",1
4270,1774.5,"tensor(2131.3240, device='cuda:0', grad_fn=<DivBackward0>)",1
4280,1254.0,"tensor(533.2880, device='cuda:0', grad_fn=<DivBackward0>)",1
4290,1080.2,"tensor(524.1932, device='cuda:0', grad_fn=<DivBackward0>)",1
4300,1419.9,"tensor(1585.3469, device='cuda:0', grad_fn=<DivBackward0>)",1
4310,1554.0,"tensor(2373.6831, device='cuda:0', grad_fn=<DivBackward0>)",1
4320,1240.4,"tensor(1742.4971, device='cuda:0', grad_fn=<DivBackward0>)",1
4330,1343.1,"tensor(867.2275, device='cuda:0', grad_fn=<DivBackward0>)",1
4340,1513.6,"tensor(653.4344, device='cuda:0', grad_fn=<DivBackward0>)",1
4350,1171.7,"tensor(1267.4208, device='cuda:0', grad_fn=<DivBackward0>)",1
4360,1139.1,"tensor(1750.4567, device='cuda:0', grad_fn=<DivBackward0>)",1
4370,1274.7,"tensor(1703.0238, device='cuda:0', grad_fn=<DivBackward0>)",1
4380,1092.6,"tensor(1367.7972, device='cuda:0', grad_fn=<DivBackward0>)",1
4390,1433.6,"tensor(1610.7014, device='cuda:0', grad_fn=<DivBackward0>)",1
4400,1082.1,"tensor(1697.8861, device='cuda:0', grad_fn=<DivBackward0>)",1
4410,1258.5,"tensor(996.8442, device='cuda:0', grad_fn=<DivBackward0>)",1
4420,1555.8,"tensor(2817.7039, device='cuda:0', grad_fn=<DivBackward0>)",1
4430,1285.0,"tensor(2081.8901, device='cuda:0', grad_fn=<DivBackward0>)",1
4440,1409.5,"tensor(1414.2434, device='cuda:0', grad_fn=<DivBackward0>)",1
4450,1501.1,"tensor(1735.9379, device='cuda:0', grad_fn=<DivBackward0>)",1
4460,1414.3,"tensor(1343.0883, device='cuda:0', grad_fn=<DivBackward0>)",1
4470,1389.8,"tensor(1715.3010, device='cuda:0', grad_fn=<DivBackward0>)",1
4480,1503.9,"tensor(1533.7611, device='cuda:0', grad_fn=<DivBackward0>)",1
4490,1476.4,"tensor(983.9552, device='cuda:0', grad_fn=<DivBackward0>)",1
4500,1257.3,"tensor(1812.4518, device='cuda:0', grad_fn=<DivBackward0>)",1
4510,1562.7,"tensor(2608.7966, device='cuda:0', grad_fn=<DivBackward0>)",1
4520,1314.5,"tensor(2956.4612, device='cuda:0', grad_fn=<DivBackward0>)",1
4530,1365.1,"tensor(1534.4797, device='cuda:0', grad_fn=<DivBackward0>)",1
4540,1391.7,"tensor(2767.2346, device='cuda:0', grad_fn=<DivBackward0>)",1
4550,1161.5,"tensor(1461.8807, device='cuda:0', grad_fn=<DivBackward0>)",1
4560,1452.0,"tensor(838.1367, device='cuda:0', grad_fn=<DivBackward0>)",1
4570,1487.8,"tensor(1303.4763, device='cuda:0', grad_fn=<DivBackward0>)",1
4580,1115.2,"tensor(2381.2097, device='cuda:0', grad_fn=<DivBackward0>)",1
4590,1115.8,"tensor(4417.7886, device='cuda:0', grad_fn=<DivBackward0>)",1
4600,736.6,"tensor(6265.6499, device='cuda:0', grad_fn=<DivBackward0>)",1
4610,675.2,"tensor(6832.6421, device='cuda:0', grad_fn=<DivBackward0>)",1
4620,916.0,"tensor(3714.1738, device='cuda:0', grad_fn=<DivBackward0>)",1
4630,948.6,"tensor(2136.1824, device='cuda:0', grad_fn=<DivBackward0>)",1
4640,851.6,"tensor(1920.2018, device='cuda:0', grad_fn=<DivBackward0>)",1
4650,1332.2,"tensor(3437.2109, device='cuda:0', grad_fn=<DivBackward0>)",1
4660,1105.6,"tensor(2532.4729, device='cuda:0', grad_fn=<DivBackward0>)",1
4670,1140.8,"tensor(3899.9106, device='cuda:0', grad_fn=<DivBackward0>)",1
4680,1047.8,"tensor(2942.9500, device='cuda:0', grad_fn=<DivBackward0>)",1
4690,1040.3,"tensor(3384.6970, device='cuda:0', grad_fn=<DivBackward0>)",1
4700,854.1,"tensor(2282.3586, device='cuda:0', grad_fn=<DivBackward0>)",1
4710,1013.2,"tensor(1195.2264, device='cuda:0', grad_fn=<DivBackward0>)",1
4720,1036.0,"tensor(4684.8354, device='cuda:0', grad_fn=<DivBackward0>)",1
4730,568.5,"tensor(3127.6826, device='cuda:0', grad_fn=<DivBackward0>)",1
4740,911.5,"tensor(2104.4736, device='cuda:0', grad_fn=<DivBackward0>)",1
4750,1027.2,"tensor(2987.2761, device='cuda:0', grad_fn=<DivBackward0>)",1
4760,1132.8,"tensor(3139.5730, device='cuda:0', grad_fn=<DivBackward0>)",1
4770,810.7,"tensor(6474.6294, device='cuda:0', grad_fn=<DivBackward0>)",1
4780,1052.5,"tensor(6288.6499, device='cuda:0', grad_fn=<DivBackward0>)",1
4790,877.2,"tensor(2657.4856, device='cuda:0', grad_fn=<DivBackward0>)",1
4800,1180.4,"tensor(3687.6052, device='cuda:0', grad_fn=<DivBackward0>)",1
4810,1122.7,"tensor(4204.1401, device='cuda:0', grad_fn=<DivBackward0>)",1
4820,938.7,"tensor(5221.5034, device='cuda:0', grad_fn=<DivBackward0>)",1
4830,1162.9,"tensor(1903.4252, device='cuda:0', grad_fn=<DivBackward0>)",1
4840,996.2,"tensor(2097.2981, device='cuda:0', grad_fn=<DivBackward0>)",1
4850,1117.2,"tensor(1071.2942, device='cuda:0', grad_fn=<DivBackward0>)",1
4860,928.3,"tensor(517.3458, device='cuda:0', grad_fn=<DivBackward0>)",1
4870,1411.5,"tensor(715.6522, device='cuda:0', grad_fn=<DivBackward0>)",1
4880,927.3,"tensor(3349.8660, device='cuda:0', grad_fn=<DivBackward0>)",1
4890,1073.3,"tensor(1513.6083, device='cuda:0', grad_fn=<DivBackward0>)",1
4900,919.5,"tensor(976.4809, device='cuda:0', grad_fn=<DivBackward0>)",1
4910,915.1,"tensor(1451.4042, device='cuda:0', grad_fn=<DivBackward0>)",1
4920,1116.6,"tensor(2342.6592, device='cuda:0', grad_fn=<DivBackward0>)",1
4930,1060.5,"tensor(1760.3665, device='cuda:0', grad_fn=<DivBackward0>)",1
4940,859.1,"tensor(777.2927, device='cuda:0', grad_fn=<DivBackward0>)",1
4950,1379.3,"tensor(1548.8092, device='cuda:0', grad_fn=<DivBackward0>)",1
4960,1017.0,"tensor(1781.0940, device='cuda:0', grad_fn=<DivBackward0>)",1
4970,1161.7,"tensor(1474.9247, device='cuda:0', grad_fn=<DivBackward0>)",1
4980,926.8,"tensor(3541.5969, device='cuda:0', grad_fn=<DivBackward0>)",1
4990,1279.5,"tensor(3234.2766, device='cuda:0', grad_fn=<DivBackward0>)",1
5000,1087.5,"tensor(3076.1548, device='cuda:0', grad_fn=<DivBackward0>)",1
5010,869.9,"tensor(3663.9497, device='cuda:0', grad_fn=<DivBackward0>)",1
5020,713.0,"tensor(2736.5149, device='cuda:0', grad_fn=<DivBackward0>)",1
5030,933.0,"tensor(3347.6431, device='cuda:0', grad_fn=<DivBackward0>)",1
5040,980.0,"tensor(2238.5764, device='cuda:0', grad_fn=<DivBackward0>)",1
5050,879.5,"tensor(2005.7985, device='cuda:0', grad_fn=<DivBackward0>)",1
5060,928.9,"tensor(3952.4451, device='cuda:0', grad_fn=<DivBackward0>)",1
5070,850.8,"tensor(1352.4049, device='cuda:0', grad_fn=<DivBackward0>)",1
5080,1180.8,"tensor(1025.3405, device='cuda:0', grad_fn=<DivBackward0>)",1
5090,768.6,"tensor(2853.9075, device='cuda:0', grad_fn=<DivBackward0>)",1
5100,816.6,"tensor(2653.7356, device='cuda:0', grad_fn=<DivBackward0>)",1
5110,901.5,"tensor(2120.6526, device='cuda:0', grad_fn=<DivBackward0>)",1
5120,1190.2,"tensor(1545.9049, device='cuda:0', grad_fn=<DivBackward0>)",1
5130,863.5,"tensor(2128.3530, device='cuda:0', grad_fn=<DivBackward0>)",1
5140,917.3,"tensor(2064.2981, device='cuda:0', grad_fn=<DivBackward0>)",1
5150,930.4,"tensor(1002.0827, device='cuda:0', grad_fn=<DivBackward0>)",1
5160,757.1,"tensor(967.6843, device='cuda:0', grad_fn=<DivBackward0>)",1
5170,788.3,"tensor(1963.0350, device='cuda:0', grad_fn=<DivBackward0>)",1
5180,1152.3,"tensor(2102.3411, device='cuda:0', grad_fn=<DivBackward0>)",1
5190,1158.8,"tensor(859.9951, device='cuda:0', grad_fn=<DivBackward0>)",1
5200,956.3,"tensor(1569.5027, device='cuda:0', grad_fn=<DivBackward0>)",1
5210,1392.6,"tensor(1428.4962, device='cuda:0', grad_fn=<DivBackward0>)",1
5220,933.8,"tensor(945.9507, device='cuda:0', grad_fn=<DivBackward0>)",1
5230,1323.6,"tensor(1614.9484, device='cuda:0', grad_fn=<DivBackward0>)",1
5240,1015.6,"tensor(1828.7601, device='cuda:0', grad_fn=<DivBackward0>)",1
